"Date","Bid","Ask","First","High","Low","Last","Change","Capital Adjusted","Volume Traded","$ Value Traded","Trades"
"12 Aug 2019","29.420","29.800","29.490","29.820","29.490","29.670","+0.160","+29.670","7978","237106.68","31"
"09 Aug 2019","29.490","29.600","29.510","29.590","29.450","29.510","+0.070","+29.510","15272","450723.33","39"
"08 Aug 2019","29.350","29.440","29.690","29.690","29.000","29.440","-0.360","+29.440","14326","418250.69","43"
"07 Aug 2019","28.700","29.850","28.870","29.800","28.650","29.800","+0.930","+29.800","14405","417059.53","58"
"06 Aug 2019","28.850","28.870","29.480","29.480","28.500","28.870","-0.760","+28.870","31109","896865.34","87"
"05 Aug 2019","29.550","30.000","29.950","30.110","29.620","29.630","-0.320","+29.630","28190","843128.77","74"
"02 Aug 2019","29.840","30.090","30.000","30.020","29.790","29.950","-0.190","+29.950","19693","589618.12","63"
"01 Aug 2019","30.000","30.160","29.880","30.190","29.810","30.140","+0.240","+30.140","13633","409794.84","51"
"31 Jul 2019","29.660","30.000","30.150","30.150","29.900","29.900","-0.250","+29.900","10449","313099.95","46"
"30 Jul 2019","30.000","30.170","29.900","30.150","29.900","30.150","+0.250","+30.150","27536","828636.02","62"
"29 Jul 2019","29.660","30.000","29.950","29.950","29.800","29.900","+0.110","+29.900","8920","266413.34","38"
"26 Jul 2019","29.650","30.000","29.790","30.000","29.790","29.790","-0.040","+29.790","19484","582259.43","42"
"25 Jul 2019","29.820","29.980","29.510","29.940","29.510","29.830","+0.170","+29.830","19908","593157.25","74"
"24 Jul 2019","29.500","29.700","29.200","29.660","29.200","29.660","+0.550","+29.660","17447","514159.01","83"
"23 Jul 2019","28.850","29.200","28.800","29.200","28.800","29.110","+0.290","+29.110","19659","570739.45","51"
"22 Jul 2019","28.650","28.820","29.000","29.060","28.800","28.820","-0.200","+28.820","10664","309036.48","38"
"19 Jul 2019","29.000","29.150","28.820","29.100","28.780","29.020","+0.200","+29.020","14453","418684.10","55"
"18 Jul 2019","28.720","29.150","29.000","29.000","28.600","28.820","-0.190","+28.820","9800","282374.53","51"
"17 Jul 2019","29.000","29.150","28.950","29.050","28.890","29.010","+0.060","+29.010","11269","326764.20","32"
"16 Jul 2019","28.750","28.950","29.100","29.150","28.800","28.950","-0.100","+28.950","13820","399571.91","54"
"15 Jul 2019","28.980","29.150","29.380","29.410","29.000","29.050","-0.290","+29.050","12702","370807.65","49"
"12 Jul 2019","29.360","29.700","29.300","29.480","29.250","29.340","-0.060","+29.340","10607","311282.39","30"
"11 Jul 2019","29.200","29.400","29.350","29.400","29.000","29.400","+0.050","+29.400","13645","398265.94","45"
"10 Jul 2019","29.350","29.400","29.500","29.530","29.350","29.350","+0.170","+29.350","6261","184187.60","20"
"09 Jul 2019","29.200","29.250","29.420","29.420","29.180","29.180","-0.270","+29.180","11381","333047.60","25"
"08 Jul 2019","29.420","29.700","29.850","29.850","29.450","29.450","-0.440","+29.450","1710","50693.40","10"
"05 Jul 2019","29.510","29.900","29.660","29.890","29.640","29.890","+0.340","+29.890","7195","214362.31","28"
"04 Jul 2019","29.510","29.750","29.500","29.580","29.390","29.550","+0.160","+29.550","6386","188430.08","20"
"03 Jul 2019","29.250","29.750","29.400","29.500","28.960","29.390","-0.060","+29.390","9773","285379.74","23"
"02 Jul 2019","29.370","29.450","29.700","29.700","29.360","29.450","-0.130","+29.450","11260","332600.07","45"
"01 Jul 2019","29.570","29.750","29.640","29.870","29.550","29.580","-0.210","+29.580","14056","416616.31","34"
"28 Jun 2019","29.550","29.790","29.360","29.790","29.350","29.790","+0.440","+29.790","13356","395010.37","29"
"27 Jun 2019","29.350","29.480","29.490","29.490","29.300","29.350","-0.010","+29.350","9227","271012.18","32"
"26 Jun 2019","29.360","29.610","29.620","29.620","29.350","29.360","-0.140","+29.360","9125","268997.42","37"
"25 Jun 2019","29.500","30.000","29.590","29.770","29.500","29.500","-0.120","+29.500","10667","315894.65","37"
"24 Jun 2019","29.540","30.090","29.570","29.710","29.570","29.620","+0.070","+29.620","19250","570233.14","26"
"21 Jun 2019","29.460","29.550","29.850","30.000","29.510","29.550","-0.300","+29.550","5721","170182.75","22"
"20 Jun 2019","29.800","29.950","29.800","30.000","29.600","29.850","+0.050","+29.850","13841","411712.88","40"
"19 Jun 2019","29.750","29.830","29.750","29.900","29.750","29.800","+0.200","+29.800","13426","400826.03","24"
"18 Jun 2019","29.550","29.750","29.550","29.600","29.400","29.600","-0.080","+29.600","9635","284175.57","29"
"17 Jun 2019","29.350","29.750","29.600","29.680","29.600","29.680","+0.340","+29.680","8576","254044.80","18"
"14 Jun 2019","29.250","29.800","29.750","29.750","29.000","29.340","-0.400","+29.340","10236","302081.97","34"
"13 Jun 2019","29.450","29.740","29.820","29.820","29.500","29.740","-0.130","+29.740","7896","234100.50","34"
"12 Jun 2019","29.550","29.870","29.900","30.090","29.710","29.870","+0.100","+29.870","18233","545695.62","79"
"11 Jun 2019","29.770","29.900","29.450","29.870","29.450","29.770","+0.320","+29.770","17138","510113.73","60"
"10 Jun 2019","29.400","29.500","29.440","29.460","29.440","29.450","0.000","+29.450","5316","156546.29","21"
"07 Jun 2019","29.400","29.450","29.400","29.490","29.400","29.450","+0.060","+29.450","5768","169744.43","27"
"06 Jun 2019","29.150","29.390","29.140","29.390","29.050","29.390","+0.250","+29.390","6387","186054.10","41"
"05 Jun 2019","29.000","29.150","29.100","29.260","29.000","29.140","+0.440","+29.140","5295","154738.76","18"
"04 Jun 2019","28.590","29.000","29.000","29.000","28.500","28.700","-0.610","+28.700","11018","316654.63","36"
"31 May 2019","29.310","29.500","29.290","29.310","29.000","29.310","+0.020","+29.310","6343","184730.61","31"
"30 May 2019","29.290","29.600","29.200","29.360","29.180","29.290","-0.010","+29.290","6707","196271.53","41"
"29 May 2019","29.250","29.600","29.400","29.400","29.230","29.300","-0.300","+29.300","26015","760120.70","13"
"28 May 2019","29.100","29.680","29.600","29.600","29.430","29.600","0.000","+29.600","10150","299886.27","41"
"27 May 2019","29.400","29.800","29.520","29.670","29.480","29.600","-0.070","+29.600","12790","377919.85","41"
"24 May 2019","29.450","29.700","29.600","29.750","29.500","29.670","-0.230","+29.670","19205","569059.09","35"
"23 May 2019","29.500","30.000","30.000","30.020","29.740","29.900","-0.510","+29.900","7991","238774.18","20"
"22 May 2019","30.410","30.500","29.920","30.560","29.920","30.410","+0.470","+30.410","69953","2112687.29","160"
"21 May 2019","29.860","29.970","28.990","30.010","28.990","29.940","+0.690","+29.940","65001","1931415.23","243"
"20 May 2019","27.500","29.200","27.150","29.260","27.150","29.250","+2.450","+29.250","63458","1825077.91","257"
"17 May 2019","26.800","26.850","27.270","27.350","26.800","26.800","-0.360","+26.800","58902","1593122.30","111"
"16 May 2019","27.150","27.750","27.550","27.550","27.080","27.160","-0.267","+27.160","30377","827106.06","105"
"15 May 2019","28.400","28.750","28.400","28.520","28.280","28.420","+0.050","+28.420","16179","460060.88","69"
"14 May 2019","28.280","28.500","28.600","28.600","28.250","28.370","-0.310","+28.370","21390","607690.32","48"
"13 May 2019","28.650","29.000","28.740","28.850","28.670","28.680","-0.030","+28.680","15070","433036.17","63"
"10 May 2019","28.750","29.000","28.720","28.850","28.700","28.710","+0.010","+28.710","15811","454414.81","47"
"09 May 2019","28.700","28.850","28.870","28.870","28.700","28.700","-0.120","+28.700","12849","370445.08","41"
"08 May 2019","28.700","28.870","28.500","28.950","28.500","28.820","+0.070","+28.820","20401","586493.49","47"
"07 May 2019","28.600","29.150","28.650","29.150","28.630","28.750","+0.190","+28.750","21714","628366.04","51"
"06 May 2019","28.560","28.960","29.000","29.000","28.400","28.560","-0.530","+28.560","13385","383556.08","48"
"03 May 2019","28.870","29.870","29.000","29.120","28.880","29.090","+0.090","+29.090","25203","730221.57","93"
"02 May 2019","29.000","29.010","29.730","29.730","29.000","29.000","-0.730","+29.000","15638","455923.70","70"
"01 May 2019","29.730","29.900","29.000","29.850","29.000","29.730","+0.580","+29.730","25306","748749.92","88"
"30 Apr 2019","28.680","29.240","29.150","29.250","29.070","29.150","+0.150","+29.150","13582","396048.89","83"
"29 Apr 2019","28.660","29.000","29.050","29.300","29.000","29.000","0.000","+29.000","8861","258115.07","38"
"26 Apr 2019","29.000","29.350","29.140","29.240","28.990","29.000","-0.150","+29.000","17070","497886.42","35"
"24 Apr 2019","29.150","29.350","28.980","29.280","28.980","29.150","+0.200","+29.150","8429","245924.41","96"
"23 Apr 2019","28.630","29.490","28.650","29.050","28.630","28.950","+0.330","+28.950","16341","471782.33","58"
"18 Apr 2019","27.980","28.650","28.620","28.800","28.300","28.620","0.000","+28.620","21123","604198.72","61"
"17 Apr 2019","27.860","28.800","27.990","28.650","27.900","28.620","+0.820","+28.620","16408","465271.83","62"
"16 Apr 2019","27.600","27.800","27.650","27.920","27.650","27.800","+0.210","+27.800","18604","516303.77","53"
"15 Apr 2019","27.500","27.600","27.500","27.640","27.500","27.590","+0.250","+27.590","10846","298981.06","43"
"12 Apr 2019","27.100","27.500","27.200","27.390","27.080","27.340","+0.170","+27.340","8778","238723.50","26"
"11 Apr 2019","27.270","27.400","27.460","27.460","27.050","27.170","-0.330","+27.170","9217","250207.52","47"
"10 Apr 2019","27.100","27.500","27.300","27.500","27.100","27.500","+0.160","+27.500","7997","218896.77","47"
"09 Apr 2019","27.200","27.450","27.300","27.340","27.100","27.340","+0.140","+27.340","4467","121806.18","30"
"08 Apr 2019","27.200","27.450","27.520","27.550","27.200","27.200","-0.300","+27.200","30072","822745.17","113"
"05 Apr 2019","27.530","27.600","27.630","27.630","27.420","27.500","+0.050","+27.500","15231","418804.78","33"
"04 Apr 2019","27.330","28.000","27.650","27.650","27.440","27.450","-0.240","+27.450","21959","604892.34","46"
"03 Apr 2019","27.650","27.740","27.730","27.730","27.490","27.690","+0.190","+27.690","7332","202784.52","47"
"02 Apr 2019","27.500","27.800","27.300","27.820","27.250","27.500","+0.250","+27.500","31733","876494.69","40"
"01 Apr 2019","27.250","27.720","27.150","27.300","27.150","27.250","+0.110","+27.250","11215","305501.36","31"
"29 Mar 2019","27.000","27.250","27.000","27.250","27.000","27.140","+0.250","+27.140","9552","258986.21","23"
"28 Mar 2019","26.510","27.000","27.000","27.000","26.830","26.890","+0.090","+26.890","15099","406248.94","42"
"27 Mar 2019","26.800","26.950","26.890","27.040","26.550","26.800","-0.040","+26.800","19456","519978.75","57"
"26 Mar 2019","26.690","27.000","26.820","26.920","26.660","26.840","+0.040","+26.840","21084","563502.81","55"
"25 Mar 2019","26.700","28.000","27.150","27.150","26.730","26.800","-0.570","+26.800","16035","430604.67","47"
"22 Mar 2019","27.150","28.000","27.100","27.370","27.060","27.370","+0.310","+27.370","40547","1105768.40","27"
"21 Mar 2019","27.000","28.160","27.200","27.200","27.010","27.060","-0.060","+27.060","8709","236080.10","40"
"20 Mar 2019","27.130","27.990","27.340","27.340","27.120","27.120","-0.230","+27.120","3260","88756.12","22"
"19 Mar 2019","27.350","28.000","27.480","27.640","27.350","27.350","-0.030","+27.350","8900","244645.90","29"
"18 Mar 2019","27.300","28.000","28.000","28.000","27.380","27.380","-0.750","+27.380","7266","199380.61","26"
"15 Mar 2019","27.300","28.180","27.410","28.130","27.380","28.130","+0.850","+28.130","25359","700770.21","41"
"14 Mar 2019","27.250","27.360","27.350","27.460","27.280","27.280","-0.020","+27.280","5358","146650.70","33"
"13 Mar 2019","27.300","27.460","27.800","27.800","27.300","27.300","-0.690","+27.300","11271","310471.88","49"
"12 Mar 2019","27.800","28.350","28.000","28.020","27.920","27.990","+0.040","+27.990","15880","444216.99","51"
"11 Mar 2019","27.890","28.350","27.900","28.000","27.830","27.950","-0.050","+27.950","6919","193105.54","29"
"08 Mar 2019","27.870","28.350","28.200","28.250","27.870","28.000","-0.250","+28.000","5831","163923.58","23"
"07 Mar 2019","28.000","28.580","28.240","28.500","28.240","28.250","+0.010","+28.250","5901","167410.12","35"
"06 Mar 2019","27.870","28.300","28.250","28.290","28.200","28.240","+0.010","+28.240","8450","238186.30","11"
"05 Mar 2019","27.910","28.390","27.940","28.230","27.900","28.230","+0.010","+28.230","34428","962870.25","82"
"04 Mar 2019","27.950","28.390","28.210","28.330","28.130","28.220","+0.320","+28.220","12411","350172.13","39"
"01 Mar 2019","27.900","28.230","28.000","28.320","27.900","27.900","-0.130","+27.900","9609","270982.26","49"
"28 Feb 2019","27.920","28.100","27.510","28.040","27.510","28.030","+0.260","+28.030","20387","568952.55","57"
"27 Feb 2019","27.500","27.840","27.500","27.830","27.500","27.770","+0.270","+27.770","3361","93105.30","17"
"26 Feb 2019","27.450","27.500","27.650","27.870","27.500","27.500","-0.160","+27.500","15399","426207.91","54"
"25 Feb 2019","27.650","27.800","27.900","27.900","27.640","27.660","-0.190","+27.660","15564","432710.99","32"
"22 Feb 2019","27.800","28.250","28.000","28.100","27.850","27.850","-0.120","+27.850","8337","233568.90","23"
"21 Feb 2019","27.500","28.100","27.550","28.000","27.550","27.970","+0.470","+27.970","21472","598845.61","70"
"20 Feb 2019","27.400","27.770","27.770","27.770","27.490","27.500","-0.220","+27.500","10483","289842.92","25"
"19 Feb 2019","27.180","27.800","27.350","27.750","27.350","27.720","+0.500","+27.720","6740","185452.48","11"
"18 Feb 2019","27.160","27.850","27.300","27.500","27.200","27.220","+0.080","+27.220","9661","264794.45","32"
"15 Feb 2019","27.200","27.990","27.230","27.230","27.050","27.140","-0.150","+27.140","5208","141350.73","19"
"14 Feb 2019","27.250","27.400","27.450","27.470","27.290","27.290","-0.160","+27.290","6089","166784.63","17"
"13 Feb 2019","27.320","28.000","27.660","27.990","27.380","27.450","-0.210","+27.450","18680","515606.91","50"
"12 Feb 2019","27.520","28.000","27.740","27.830","27.650","27.660","+0.010","+27.660","17036","472433.15","34"
"11 Feb 2019","27.500","28.320","28.200","28.200","27.600","27.650","-0.510","+27.650","5493","153319.94","18"
"08 Feb 2019","27.950","28.320","28.200","28.400","28.000","28.160","-0.090","+28.160","10920","308167.20","46"
"07 Feb 2019","27.650","28.220","28.050","28.250","27.750","28.250","+0.170","+28.250","16338","459509.16","34"
"05 Feb 2019","28.080","28.200","26.100","28.210","26.100","28.080","+2.030","+28.080","46543","1287271.57","99"
"04 Feb 2019","26.050","26.100","25.840","26.150","25.750","26.050","+0.280","+26.050","10347","268605.34","39"
"01 Feb 2019","25.600","25.770","25.800","25.840","25.330","25.770","-0.230","+25.770","20648","529858.91","51"
"31 Jan 2019","25.950","26.000","26.500","26.520","25.910","26.000","-0.400","+26.000","10982","287823.53","32"
"30 Jan 2019","26.310","26.980","26.480","26.510","26.400","26.400","-0.070","+26.400","5741","151778.50","18"
"29 Jan 2019","26.470","27.000","27.100","27.100","26.460","26.470","-0.770","+26.470","25592","680535.29","64"
"28 Jan 2019","27.100","27.240","27.240","27.240","27.240","27.240","+0.010","+27.240","1180","32143.20","3"
"25 Jan 2019","27.100","27.250","26.940","27.250","26.940","27.230","+0.330","+27.230","10944","296687.77","46"
"24 Jan 2019","26.820","27.250","27.050","27.100","26.810","26.900","-0.180","+26.900","8574","231232.67","44"
"23 Jan 2019","27.020","27.050","27.050","27.200","27.000","27.080","-0.140","+27.080","7218","195321.43","30"
"22 Jan 2019","27.060","27.550","27.810","27.810","27.220","27.220","-0.720","+27.220","17371","478609.67","55"
"21 Jan 2019","27.800","27.990","27.780","27.940","27.780","27.940","+0.180","+27.940","11892","331471.83","42"
"18 Jan 2019","27.510","27.980","27.650","27.910","27.650","27.760","+0.130","+27.760","15524","431366.52","68"
"17 Jan 2019","27.500","27.650","27.750","27.800","27.600","27.630","+0.130","+27.630","6705","185695.71","30"
"16 Jan 2019","27.400","27.650","27.100","27.500","27.100","27.500","+0.500","+27.500","10090","275455.94","48"
"15 Jan 2019","27.000","27.390","27.100","27.200","27.000","27.000","-0.100","+27.000","5830","158241.43","33"
"14 Jan 2019","27.000","27.390","27.250","27.250","27.100","27.100","-0.110","+27.100","5206","141661.09","25"
"11 Jan 2019","27.000","27.250","27.150","27.270","27.120","27.210","+0.050","+27.210","3497","95171.45","18"
"10 Jan 2019","27.010","27.250","27.200","27.300","27.110","27.160","-0.090","+27.160","3811","103701.75","17"
"09 Jan 2019","27.100","27.330","27.050","27.280","27.050","27.250","+0.260","+27.250","6515","176603.46","25"
"08 Jan 2019","26.150","27.080","26.830","26.990","26.400","26.990","+0.170","+26.990","5168","137986.18","39"
"07 Jan 2019","26.400","26.990","26.500","26.820","26.500","26.820","+0.700","+26.820","10336","276390.05","34"
"04 Jan 2019","25.760","26.300","26.300","26.300","25.750","26.120","-0.200","+26.120","3249","84727.62","12"
"03 Jan 2019","26.300","26.320","26.510","26.510","25.850","26.320","-0.190","+26.320","14000","364382.78","53"
"31 Dec 2018","26.000","26.510","26.510","26.510","26.510","26.510","+0.660","+26.510","972","25767.72","2"
"28 Dec 2018","25.850","27.000","25.220","25.850","25.220","25.850","+0.540","+25.850","2356","60415.53","22"
"27 Dec 2018","25.220","26.000","24.510","25.380","24.510","25.310","+0.810","+25.310","4275","108193.50","25"
"24 Dec 2018","24.500","25.000","24.950","24.950","24.500","24.500","-0.500","+24.500","10368","257063.60","47"
"21 Dec 2018","24.800","25.000","25.470","25.500","24.730","25.000","-0.550","+25.000","31222","781973.54","114"
"20 Dec 2018","25.470","26.000","25.280","25.600","25.250","25.550","+0.090","+25.550","12455","315659.28","35"
"19 Dec 2018","25.460","25.500","25.550","25.950","25.450","25.460","-0.090","+25.460","18477","475814.39","94"
"18 Dec 2018","25.500","25.980","25.970","25.970","25.550","25.550","-0.450","+25.550","13031","334786.01","63"
"17 Dec 2018","25.980","26.400","26.300","26.300","25.920","26.000","-0.330","+26.000","28242","734408.27","101"
"14 Dec 2018","26.310","27.280","26.610","26.610","26.300","26.330","-0.600","+26.330","6319","166840.04","32"
"13 Dec 2018","26.500","26.930","26.700","27.060","26.700","26.930","+0.230","+26.930","23611","634715.42","50"
"12 Dec 2018","26.400","26.700","26.300","26.700","26.210","26.700","+0.600","+26.700","12803","338157.19","37"
"11 Dec 2018","26.080","26.300","26.160","26.230","25.900","26.100","-0.040","+26.100","18505","482534.37","54"
"10 Dec 2018","26.050","26.160","26.950","26.950","26.080","26.140","-0.910","+26.140","17493","460070.09","59"
"07 Dec 2018","26.950","27.300","27.000","27.210","26.950","27.050","+0.170","+27.050","10415","282333.95","34"
"06 Dec 2018","27.000","27.350","27.000","27.050","26.750","26.880","-0.070","+26.880","9349","251436.45","21"
"05 Dec 2018","26.830","27.000","27.330","27.330","26.730","26.950","-0.550","+26.950","12642","339946.43","53"
"04 Dec 2018","27.410","27.850","27.920","27.920","27.500","27.500","-0.300","+27.500","9994","276926.57","54"
"03 Dec 2018","27.800","28.400","27.880","28.030","27.800","27.800","-0.080","+27.800","7005","195534.33","31"
"30 Nov 2018","27.700","27.880","28.300","28.300","27.800","27.880","-0.320","+27.880","12682","354520.30","29"
"29 Nov 2018","28.200","28.800","28.020","28.250","28.020","28.200","+0.200","+28.200","21378","600073.17","24"
"28 Nov 2018","27.400","28.000","28.140","28.140","27.900","28.000","-0.040","+28.000","8226","230480.70","27"
"27 Nov 2018","27.400","28.250","27.760","28.040","27.500","28.040","+0.440","+28.040","7990","222352.86","30"
"26 Nov 2018","27.600","27.720","27.680","27.890","27.600","27.600","+0.100","+27.600","11761","326246.82","40"
"23 Nov 2018","27.500","27.890","27.170","27.510","27.150","27.500","+0.350","+27.500","7324","200575.86","26"
"22 Nov 2018","27.150","27.400","27.300","27.300","27.100","27.150","-0.070","+27.150","11824","320930.85","34"
"21 Nov 2018","27.060","27.300","26.900","27.230","26.730","27.220","+0.320","+27.220","23043","621428.98","71"
"20 Nov 2018","26.790","26.900","26.800","26.980","26.610","26.900","+0.250","+26.900","25129","672434.90","67"
"19 Nov 2018","26.650","26.900","27.200","27.200","26.600","26.650","-0.410","+26.650","25970","698964.74","89"
"16 Nov 2018","27.060","27.780","27.010","27.200","26.950","27.060","+0.160","+27.060","19456","526064.08","36"
"15 Nov 2018","26.850","27.890","27.410","27.410","26.790","26.900","-0.500","+26.900","40493","1094097.48","97"
"14 Nov 2018","27.400","27.550","28.080","28.100","27.300","27.400","-0.680","+27.400","46507","1290671.61","81"
"13 Nov 2018","28.000","28.080","28.500","29.000","27.930","28.080","-0.613","+28.080","31578","894242.08","63"
"12 Nov 2018","29.650","29.700","29.800","29.850","29.700","29.700","-0.020","+29.700","17213","512260.10","38"
"09 Nov 2018","29.500","29.880","29.750","30.000","29.710","29.720","+0.250","+29.720","20961","625150.78","49"
"08 Nov 2018","29.350","29.650","29.500","29.600","29.220","29.470","+0.120","+29.470","4898","144286.39","19"
"07 Nov 2018","29.170","29.350","29.200","29.450","29.030","29.350","+0.170","+29.350","15006","437840.30","47"
"06 Nov 2018","29.030","29.900","29.000","29.210","28.900","29.180","+0.140","+29.180","12752","370444.43","27"
"05 Nov 2018","29.000","29.900","28.730","29.120","28.600","29.040","+0.440","+29.040","21573","620054.09","62"
"02 Nov 2018","28.520","28.600","29.010","29.010","28.510","28.600","-0.400","+28.600","10820","310064.48","46"
"01 Nov 2018","28.740","29.290","29.400","29.500","28.820","29.000","+0.150","+29.000","18990","552773.12","31"
"31 Oct 2018","28.610","29.400","29.000","29.200","28.700","28.850","+0.240","+28.850","36409","1053729.50","58"
"30 Oct 2018","28.610","29.000","28.460","28.750","28.420","28.610","+0.110","+28.610","10979","313325.79","23"
"29 Oct 2018","28.450","29.000","28.300","28.500","28.230","28.500","+0.620","+28.500","6546","185705.06","23"
"26 Oct 2018","27.800","28.350","28.310","28.700","27.860","27.880","-0.420","+27.880","19840","558573.26","58"
"25 Oct 2018","28.300","28.500","28.600","28.600","28.130","28.300","-0.300","+28.300","16924","479502.60","60"
"24 Oct 2018","28.600","29.000","28.500","28.800","28.490","28.600","+0.110","+28.600","17223","493407.49","45"
"23 Oct 2018","28.380","29.000","29.000","29.000","28.380","28.490","-0.490","+28.490","19008","542909.82","57"
"19 Oct 2018","28.800","29.100","29.000","29.050","28.680","28.980","-0.120","+28.980","8450","244020.13","26"
"18 Oct 2018","28.900","29.100","28.800","29.100","28.800","29.100","+0.330","+29.100","43504","1258360.80","40"
"17 Oct 2018","28.710","28.840","29.000","29.000","28.770","28.770","+0.350","+28.770","9774","282347.54","28"
"16 Oct 2018","28.400","28.420","28.480","28.840","28.300","28.420","-0.050","+28.420","21800","618750.77","42"
"15 Oct 2018","28.470","29.900","29.150","29.510","28.450","28.470","-0.530","+28.470","38181","1103109.93","98"
"12 Oct 2018","29.000","29.150","28.600","29.000","28.540","29.000","+0.070","+29.000","23331","668465.49","80"
"11 Oct 2018","28.900","29.150","29.050","29.200","28.900","28.930","-0.570","+28.930","39824","1155635.75","82"
"10 Oct 2018","29.490","29.500","29.600","29.600","29.410","29.500","-0.070","+29.500","21423","632117.19","54"
"09 Oct 2018","29.570","30.000","29.800","29.800","29.570","29.570","-0.230","+29.570","27015","801891.01","47"
"08 Oct 2018","29.800","30.000","29.950","29.950","29.800","29.800","-0.200","+29.800","6523","194831.55","16"
"05 Oct 2018","30.000","30.500","29.820","30.170","29.820","30.000","+0.090","+30.000","7174","214933.62","26"
"04 Oct 2018","29.810","30.300","29.850","30.040","29.760","29.910","+0.200","+29.910","5224","156416.60","24"
"03 Oct 2018","29.710","29.850","29.850","30.060","29.680","29.710","-0.110","+29.710","24146","720322.19","98"
"02 Oct 2018","29.820","30.200","29.910","30.400","29.750","29.820","-0.130","+29.820","30030","900182.09","65"
"01 Oct 2018","29.950","30.770","30.760","30.760","29.950","29.950","-1.000","+29.950","20157","604713.85","59"
"28 Sep 2018","30.640","31.000","30.150","30.950","29.800","30.950","+0.790","+30.950","55516","1674274.12","93"
"27 Sep 2018","30.160","30.400","30.350","30.350","30.160","30.160","-0.190","+30.160","6836","206805.86","22"
"26 Sep 2018","30.250","30.400","30.480","30.550","30.280","30.350","-0.130","+30.350","21329","648354.15","31"
"25 Sep 2018","30.400","30.480","30.680","30.680","30.480","30.480","-0.120","+30.480","22363","681606.77","25"
"24 Sep 2018","30.500","30.730","30.720","30.720","30.500","30.600","-0.130","+30.600","9281","283715.35","31"
"21 Sep 2018","30.610","30.760","30.750","30.850","30.690","30.730","-0.020","+30.730","9823","302225.69","24"
"20 Sep 2018","30.500","31.350","30.950","31.010","30.650","30.750","-0.240","+30.750","13200","406734.32","27"
"19 Sep 2018","30.210","30.990","30.540","30.990","30.540","30.990","+0.570","+30.990","15170","468144.33","20"
"18 Sep 2018","30.210","30.700","30.400","30.500","30.300","30.420","+0.050","+30.420","20823","632436.49","24"
"17 Sep 2018","30.200","30.490","30.300","30.460","30.250","30.370","+0.050","+30.370","26668","808672.21","59"
"14 Sep 2018","30.300","30.420","30.250","30.450","30.250","30.320","+0.060","+30.320","12593","381218.77","26"
"13 Sep 2018","30.110","30.290","30.290","30.290","30.110","30.260","+0.170","+30.260","10305","311195.77","20"
"12 Sep 2018","30.100","30.300","30.380","30.380","30.090","30.090","-0.290","+30.090","18936","571295.01","45"
"11 Sep 2018","30.300","30.700","30.250","30.400","30.110","30.380","+0.130","+30.380","19995","604889.17","52"
"10 Sep 2018","30.100","30.250","30.260","30.260","30.060","30.250","0.000","+30.250","15907","478994.38","35"
"07 Sep 2018","30.160","30.350","30.240","30.400","30.180","30.250","+0.010","+30.250","18152","548957.46","37"
"06 Sep 2018","30.100","30.200","30.500","30.520","30.240","30.240","-0.460","+30.240","20506","623722.13","51"
"05 Sep 2018","30.500","30.700","31.050","31.050","30.560","30.700","-0.120","+30.700","16492","506784.92","62"
"04 Sep 2018","30.750","31.180","31.200","31.200","30.800","30.820","-0.280","+30.820","8600","266853.80","30"
"03 Sep 2018","31.100","31.200","31.300","31.350","31.060","31.100","-0.200","+31.100","17018","529797.76","39"
"31 Aug 2018","31.200","31.300","31.250","31.400","31.200","31.300","-0.150","+31.300","20512","642128.28","40"
"30 Aug 2018","31.000","31.600","31.300","31.650","31.250","31.450","+0.250","+31.450","19736","621345.47","54"
"29 Aug 2018","31.000","31.450","30.620","31.200","30.620","31.200","+0.940","+31.200","72602","2251160.98","54"
"28 Aug 2018","31.050","30.890","30.450","30.450","30.260","30.260","-0.090","+30.260","3811","115955.91","11"
"27 Aug 2018","30.260","30.400","30.600","30.700","30.050","30.350","-0.200","+30.350","47291","1439745.86","75"
"24 Aug 2018","30.550","30.720","31.020","31.020","30.150","30.550","-0.530","+30.550","52337","1595572.41","152"
"23 Aug 2018","31.010","31.500","32.050","32.050","30.950","31.080","-0.880","+31.080","34229","1074214.24","79"
"22 Aug 2018","31.920","32.050","32.500","32.500","31.720","31.960","-0.540","+31.960","59320","1905938.32","87"
"21 Aug 2018","32.500","33.450","33.400","33.400","32.500","32.500","-0.750","+32.500","16626","546267.29","20"
"20 Aug 2018","33.000","33.450","33.300","33.420","33.140","33.250","-0.230","+33.250","14906","495581.30","20"
"17 Aug 2018","33.300","33.490","33.230","33.500","33.230","33.480","+0.380","+33.480","6222","208000.25","14"
"16 Aug 2018","33.000","33.400","33.400","33.400","33.000","33.100","-0.100","+33.100","11715","389435.24","32"
"15 Aug 2018","33.200","33.450","33.050","33.330","33.050","33.200","+0.200","+33.200","12011","398954.02","21"
"14 Aug 2018","32.990","33.000","32.400","33.070","32.400","33.000","+0.600","+33.000","9045","297240.28","30"
"13 Aug 2018","32.240","32.450","32.900","32.900","32.400","32.400","-0.670","+32.400","2154","70277.35","10"
"10 Aug 2018","32.780","33.070","32.780","33.100","32.780","33.070","+0.280","+33.070","9291","306316.30","21"
"09 Aug 2018","32.780","32.900","32.250","32.900","32.250","32.790","+0.640","+32.790","31547","1031303.03","82"
"08 Aug 2018","32.000","32.250","32.200","32.280","32.120","32.150","+0.150","+32.150","5945","191445.41","16"
"07 Aug 2018","31.610","32.500","32.000","32.080","31.990","32.000","+0.080","+32.000","14278","457019.68","22"
"06 Aug 2018","31.590","32.000","31.800","32.050","31.800","31.920","+0.280","+31.920","9321","298007.49","17"
"03 Aug 2018","31.450","32.000","31.850","32.060","31.640","31.640","-0.160","+31.640","18132","576548.45","27"
"02 Aug 2018","31.750","32.060","31.700","32.020","31.700","31.800","-0.060","+31.800","7809","249208.31","18"
"01 Aug 2018","31.410","32.500","32.200","32.200","31.800","31.860","-0.260","+31.860","14311","456222.91","27"
"31 Jul 2018","32.120","32.200","31.800","32.120","31.800","32.120","+0.280","+32.120","12256","392685.60","27"
"30 Jul 2018","31.800","32.050","31.800","31.900","31.800","31.840","-0.210","+31.840","2355","74975.88","8"
"27 Jul 2018","31.700","32.050","31.700","32.080","31.700","32.050","+0.350","+32.050","7465","238670.83","18"
"26 Jul 2018","31.700","31.800","31.900","31.900","31.700","31.700","-0.220","+31.700","5955","189132.27","19"
"25 Jul 2018","31.900","32.120","32.120","32.120","31.910","31.920","-0.180","+31.920","9685","309535.27","22"
"24 Jul 2018","32.000","32.120","32.220","32.370","32.100","32.100","-0.150","+32.100","6032","194480.16","15"
"23 Jul 2018","32.120","32.650","32.620","32.620","32.200","32.250","-0.370","+32.250","8094","261061.45","17"
"20 Jul 2018","32.500","32.800","32.390","32.770","32.380","32.620","+0.050","+32.620","14738","480857.09","38"
"19 Jul 2018","32.150","32.590","32.160","32.610","32.100","32.570","+0.400","+32.570","29735","966280.52","67"
"18 Jul 2018","32.170","32.490","32.150","32.390","32.150","32.170","-0.030","+32.170","5294","170617.09","12"
"17 Jul 2018","32.100","32.200","32.200","32.400","32.190","32.200","+0.020","+32.200","4551","146845.54","14"
"16 Jul 2018","32.180","32.400","32.270","32.500","32.160","32.180","-0.090","+32.180","5121","166039.13","11"
"13 Jul 2018","32.020","32.270","32.250","32.370","32.000","32.270","-0.330","+32.270","4955","159212.35","15"
"12 Jul 2018","31.900","32.790","32.300","32.600","32.300","32.600","+0.700","+32.600","9120","296104.68","26"
"11 Jul 2018","31.510","32.600","32.600","32.600","31.750","31.900","-0.300","+31.900","16838","538187.42","35"
"10 Jul 2018","32.200","32.600","32.550","32.640","32.200","32.200","-0.270","+32.200","27647","898726.12","54"
"09 Jul 2018","32.180","32.570","32.300","32.560","32.180","32.470","+0.170","+32.470","19748","640190.27","54"
"06 Jul 2018","32.300","32.330","32.170","32.300","32.100","32.300","0.000","+32.300","10269","330698.58","18"
"05 Jul 2018","31.650","32.300","31.670","32.300","31.650","32.300","+0.650","+32.300","11309","362554.12","32"
"04 Jul 2018","31.650","32.150","32.000","32.000","31.650","31.650","-0.550","+31.650","21366","682063.76","55"
"03 Jul 2018","31.700","32.400","31.980","32.200","31.900","32.200","+0.310","+32.200","18048","578213.97","31"
"02 Jul 2018","31.760","32.100","31.950","31.950","31.800","31.890","-0.210","+31.890","12387","395223.81","25"
"29 Jun 2018","31.650","32.200","31.940","32.100","31.650","32.100","+0.580","+32.100","19645","629640.98","31"
"28 Jun 2018","31.400","31.940","30.900","31.650","30.900","31.520","+0.190","+31.520","6523","204505.35","10"
"27 Jun 2018","30.900","31.940","31.350","31.350","31.300","31.330","-0.110","+31.330","4500","140880.76","17"
"26 Jun 2018","30.800","31.900","31.040","31.900","31.040","31.440","+0.140","+31.440","15892","500185.90","30"
"25 Jun 2018","30.200","31.940","31.500","31.800","31.250","31.300","-0.200","+31.300","20324","639401.56","48"
"22 Jun 2018","30.370","31.500","31.200","31.540","31.200","31.500","+0.210","+31.500","9551","299886.18","24"
"21 Jun 2018","30.200","31.400","30.990","31.370","30.940","31.290","+0.590","+31.290","14280","446106.26","51"
"20 Jun 2018","30.100","30.990","29.900","30.700","29.900","30.700","+0.770","+30.700","8796","268462.76","21"
"19 Jun 2018","29.930","30.490","30.210","30.490","29.910","29.930","-0.270","+29.930","6642","199669.18","20"
"18 Jun 2018","30.200","30.490","29.800","30.200","29.750","30.200","+0.340","+30.200","12040","361841.24","32"
"15 Jun 2018","29.500","29.950","29.410","29.950","29.400","29.860","+0.480","+29.860","13623","405807.30","27"
"14 Jun 2018","29.350","29.500","29.850","29.950","29.380","29.380","-0.070","+29.380","24958","735174.35","56"
"13 Jun 2018","29.450","30.000","29.750","29.890","29.430","29.450","-0.350","+29.450","24405","723482.01","71"
"12 Jun 2018","29.750","29.820","30.120","30.120","29.800","29.800","-0.200","+29.800","84682","2531696.85","55"
"11 Jun 2018","30.000","30.490","30.000","30.010","30.000","30.000","-0.040","+30.000","4861","145835.90","18"
"08 Jun 2018","29.950","30.490","30.010","30.040","29.950","30.040","-0.020","+30.040","8753","262563.18","31"
"07 Jun 2018","30.010","30.490","30.250","30.380","30.060","30.060","+0.160","+30.060","13382","404611.53","40"
"06 Jun 2018","29.890","30.300","30.280","30.280","29.900","29.900","-0.400","+29.900","12927","387987.32","25"
"05 Jun 2018","30.300","30.490","30.500","30.500","30.150","30.300","+0.400","+30.300","7509","227392.85","17"
"01 Jun 2018","29.900","30.350","30.200","30.280","29.870","29.900","-0.290","+29.900","18242","548104.14","48"
"31 May 2018","30.200","30.350","30.350","30.450","30.190","30.190","+0.040","+30.190","24249","734115.25","48"
"30 May 2018","30.120","30.250","30.680","30.680","30.150","30.150","-0.740","+30.150","30256","918323.87","60"
"29 May 2018","30.750","31.100","30.680","31.000","30.680","30.890","+0.190","+30.890","9964","307630.33","27"
"28 May 2018","30.680","30.820","30.820","30.890","30.700","30.700","-0.120","+30.700","9264","285338.55","28"
"25 May 2018","30.750","31.450","31.000","31.000","30.800","30.820","-0.180","+30.820","6501","200854.64","13"
"24 May 2018","30.900","31.000","31.080","31.080","30.900","31.000","-0.050","+31.000","4754","147379.21","17"
"23 May 2018","31.050","31.450","31.000","31.150","31.000","31.050","+0.050","+31.050","14150","438935.90","32"
"22 May 2018","31.000","31.490","31.200","31.280","30.930","31.000","-0.200","+31.000","23147","718781.45","31"
"21 May 2018","31.200","31.500","31.500","31.500","31.200","31.200","-0.350","+31.200","12968","405702.26","23"
"18 May 2018","31.250","31.580","31.500","31.700","31.400","31.550","+0.010","+31.550","20770","652956.74","19"
"17 May 2018","31.600","32.320","32.000","32.000","31.540","31.540","-0.357","+31.540","13647","431771.84","19"
"16 May 2018","32.500","32.980","32.700","32.950","32.500","32.920","+0.220","+32.920","9267","303676.98","26"
"15 May 2018","32.700","32.800","32.550","32.950","32.550","32.700","+0.250","+32.700","14881","487927.79","29"
"14 May 2018","32.200","32.550","32.100","32.600","32.100","32.450","+0.090","+32.450","8416","271979.48","22"
"11 May 2018","32.100","32.200","32.600","32.650","32.250","32.360","-0.070","+32.360","257304","8322524.35","29"
"10 May 2018","32.000","32.470","31.900","32.470","31.900","32.430","+0.700","+32.430","16737","537283.83","28"
"09 May 2018","31.750","31.900","31.900","31.900","31.690","31.730","-0.170","+31.730","6389","203103.50","18"
"08 May 2018","31.770","31.900","31.650","31.900","31.450","31.900","+0.250","+31.900","21410","680680.65","41"
"07 May 2018","31.450","31.840","31.350","31.900","31.350","31.650","+0.400","+31.650","16161","511328.60","29"
"04 May 2018","31.150","31.250","31.490","31.490","31.100","31.250","-0.230","+31.250","10289","321818.32","14"
"03 May 2018","31.300","31.490","31.200","31.480","31.200","31.480","+0.280","+31.480","14264","446827.97","32"
"02 May 2018","30.600","31.350","31.000","31.220","30.900","31.200","+0.190","+31.200","14390","445765.14","30"
"01 May 2018","31.000","31.350","30.640","31.100","30.640","31.010","+0.270","+31.010","13056","404062.27","34"
"30 Apr 2018","30.700","30.900","30.300","30.800","30.300","30.740","+0.480","+30.740","11517","351334.20","19"
"27 Apr 2018","29.860","30.950","30.050","30.260","29.650","30.260","+0.210","+30.260","35903","1075305.32","69"
"26 Apr 2018","30.050","30.300","31.160","31.200","30.010","30.050","-1.050","+30.050","17762","541738.63","36"
"24 Apr 2018","30.980","32.200","30.850","31.100","30.600","31.100","+0.240","+31.100","10200","314427.23","23"
"23 Apr 2018","30.300","30.860","30.300","30.860","30.300","30.860","+0.480","+30.860","6635","202552.04","15"
"20 Apr 2018","30.300","32.200","30.350","30.520","30.300","30.380","-0.110","+30.380","18883","574087.11","42"
"19 Apr 2018","30.410","30.500","30.450","30.670","30.440","30.490","+0.050","+30.490","9545","291350.08","20"
"18 Apr 2018","30.350","30.450","30.550","30.560","30.350","30.440","-0.110","+30.440","6859","208789.08","24"
"17 Apr 2018","30.550","30.950","30.600","30.650","30.500","30.550","-0.050","+30.550","9576","292690.30","21"
"16 Apr 2018","30.510","30.600","30.600","30.700","30.600","30.600","0.000","+30.600","4768","146048.25","16"
"13 Apr 2018","30.500","30.600","30.520","30.620","30.500","30.600","+0.120","+30.600","7308","223439.05","17"
"12 Apr 2018","30.460","30.850","30.600","30.600","30.350","30.480","-0.370","+30.480","10137","309088.33","27"
"11 Apr 2018","30.600","30.850","31.060","31.060","30.740","30.850","-0.200","+30.850","9665","298314.42","20"
"10 Apr 2018","31.050","31.500","30.600","31.050","30.490","31.050","+0.230","+31.050","13464","412820.10","34"
"09 Apr 2018","30.820","31.000","30.650","31.000","30.550","30.820","+0.110","+30.820","10618","325782.69","24"
"06 Apr 2018","30.550","31.000","31.050","31.050","30.620","30.710","+0.060","+30.710","13634","419538.56","119"
"05 Apr 2018","30.300","30.800","30.460","30.700","30.350","30.650","+0.500","+30.650","17269","526391.26","34"
"04 Apr 2018","30.000","30.400","30.460","30.460","30.000","30.150","-0.280","+30.150","32596","982813.96","63"
"03 Apr 2018","30.400","30.570","30.500","30.520","30.200","30.430","-0.090","+30.430","7015","213312.53","18"
"29 Mar 2018","30.400","30.550","30.500","30.550","30.460","30.520","+0.170","+30.520","15430","470819.24","18"
"28 Mar 2018","30.350","32.200","30.500","30.500","30.100","30.350","-0.250","+30.350","16180","492260.14","31"
"27 Mar 2018","30.600","31.500","30.510","31.550","30.510","30.600","+0.190","+30.600","12433","385860.15","27"
"26 Mar 2018","30.350","30.500","30.600","30.600","30.380","30.410","-0.440","+30.410","11809","360201.39","27"
"23 Mar 2018","30.730","31.150","31.300","31.300","30.850","30.850","-0.850","+30.850","20159","627418.13","51"
"22 Mar 2018","31.610","32.000","32.280","32.280","31.650","31.700","-0.200","+31.700","6894","218652.38","11"
"21 Mar 2018","31.650","32.440","31.700","31.900","31.650","31.900","+0.250","+31.900","8472","269090.72","20"
"20 Mar 2018","31.600","31.900","31.300","31.650","31.300","31.650","+0.080","+31.650","8230","258612.83","25"
"19 Mar 2018","31.500","31.800","31.800","31.800","31.500","31.570","-0.540","+31.570","23139","733111.33","41"
"16 Mar 2018","31.750","32.110","31.900","32.110","31.690","32.110","+0.110","+32.110","20133","640525.92","46"
"15 Mar 2018","31.900","32.000","32.100","32.110","31.900","32.000","-0.110","+32.000","19563","625771.01","43"
"14 Mar 2018","32.000","32.110","32.120","32.120","32.060","32.110","-0.260","+32.110","4424","141966.94","7"
"13 Mar 2018","32.000","32.500","32.440","32.500","32.370","32.370","-0.160","+32.370","6202","201206.74","11"
"12 Mar 2018","32.440","32.530","32.450","32.660","32.350","32.530","+0.360","+32.530","12220","397568.72","35"
"09 Mar 2018","32.000","32.650","32.500","32.500","32.170","32.170","+0.020","+32.170","5044","163052.74","12"
"08 Mar 2018","31.910","32.650","32.000","32.350","32.000","32.150","+0.200","+32.150","7850","252384.69","18"
"07 Mar 2018","31.900","32.400","32.600","32.600","31.950","31.950","-0.650","+31.950","32125","1028789.72","67"
"06 Mar 2018","32.600","32.850","32.600","32.670","32.600","32.600","+0.150","+32.600","2683","87594.86","13"
"05 Mar 2018","32.450","32.600","32.700","32.900","32.450","32.450","-0.200","+32.450","4648","152314.09","17"
"02 Mar 2018","32.550","32.650","32.900","32.900","32.590","32.650","-0.230","+32.650","13870","453060.76","33"
"01 Mar 2018","32.900","33.890","32.900","33.010","32.880","32.880","-0.320","+32.880","5517","181571.86","16"
"28 Feb 2018","32.940","33.320","33.700","33.700","33.160","33.200","-0.560","+33.200","9272","309500.21","22"
"27 Feb 2018","33.700","33.850","33.320","33.760","33.320","33.760","+0.580","+33.760","2865","96363.55","9"
"26 Feb 2018","33.180","33.880","32.760","33.210","32.760","33.180","+0.410","+33.180","11460","379498.09","35"
"23 Feb 2018","32.250","32.800","32.500","32.770","32.400","32.770","+0.630","+32.770","203301","6636927.92","16"
"22 Feb 2018","32.010","33.200","32.250","32.250","32.100","32.140","-0.170","+32.140","6361","204768.41","20"
"21 Feb 2018","32.250","32.670","32.400","32.430","32.250","32.310","-0.120","+32.310","11925","385163.33","28"
"20 Feb 2018","32.300","32.670","32.470","32.470","32.250","32.430","-0.020","+32.430","7760","251043.50","22"
"19 Feb 2018","32.320","32.470","32.300","32.450","32.240","32.450","+0.020","+32.450","2457","79385.20","12"
"16 Feb 2018","32.430","32.670","32.670","32.890","32.430","32.430","-0.190","+32.430","7335","240133.23","15"
"15 Feb 2018","32.500","32.620","32.450","32.620","32.450","32.620","+0.220","+32.620","11822","384636.51","45"
"14 Feb 2018","32.150","33.500","32.600","32.610","32.400","32.400","-0.200","+32.400","6200","201632.31","23"
"13 Feb 2018","32.500","34.300","32.600","32.800","32.550","32.600","+0.110","+32.600","14610","477753.93","18"
"12 Feb 2018","32.410","32.700","32.900","32.900","32.400","32.490","-0.290","+32.490","9716","315765.08","33"
"09 Feb 2018","32.100","33.600","32.450","32.780","32.010","32.780","-0.040","+32.780","6435","208098.61","31"
"08 Feb 2018","32.820","32.980","33.040","33.040","32.700","32.820","-0.080","+32.820","9952","327579.73","31"
"07 Feb 2018","32.900","33.600","33.500","33.600","32.900","32.900","-0.980","+32.900","203012","6637816.61","52"
"05 Feb 2018","33.810","34.250","34.300","34.300","33.880","33.880","-0.420","+33.880","3331","113749.50","13"
"02 Feb 2018","34.370","34.490","34.000","34.300","34.000","34.300","+0.240","+34.300","10211","348289.44","10"
"01 Feb 2018","34.000","34.500","33.700","34.230","33.700","34.060","-0.020","+34.060","6659","226947.75","16"
"31 Jan 2018","33.700","34.500","34.100","34.150","33.960","34.080","-0.200","+34.080","17650","601385.06","18"
"30 Jan 2018","33.990","34.400","34.350","34.400","34.180","34.280","-0.020","+34.280","8600","294667.42","14"
"29 Jan 2018","33.990","34.500","33.800","34.300","33.800","34.300","+0.500","+34.300","10602","360930.92","13"
"26 Jan 2018","33.660","33.790","33.850","33.850","33.750","33.800","-0.070","+33.800","2118","71517.70","6"
"25 Jan 2018","33.870","33.990","33.700","33.910","33.680","33.870","+0.070","+33.870","14311","483955.32","22"
"24 Jan 2018","33.650","33.990","33.850","33.850","33.720","33.800","0.000","+33.800","17029","575480.55","21"
"23 Jan 2018","33.650","34.140","33.650","33.800","33.650","33.800","+0.150","+33.800","7389","249538.42","15"
"22 Jan 2018","33.650","34.150","33.820","33.820","33.590","33.650","-0.170","+33.650","5821","195979.98","13"
"19 Jan 2018","33.800","34.150","33.990","34.060","33.750","33.820","-0.220","+33.820","15607","529115.65","31"
"18 Jan 2018","33.620","34.200","33.500","34.110","33.500","34.040","+0.540","+34.040","8942","302666.30","16"
"17 Jan 2018","33.480","33.500","33.700","33.700","33.440","33.500","-0.250","+33.500","24737","829752.84","37"
"16 Jan 2018","33.700","34.500","33.800","33.800","33.660","33.750","-0.150","+33.750","9638","325092.04","14"
"15 Jan 2018","33.800","34.000","34.100","34.300","33.890","33.900","-0.120","+33.900","4987","169723.01","19"
"12 Jan 2018","34.020","34.050","34.300","34.300","34.020","34.020","-0.280","+34.020","7739","264913.06","11"
"11 Jan 2018","34.300","34.800","34.450","34.470","34.300","34.300","-0.270","+34.300","4960","170530.87","11"
"10 Jan 2018","34.450","34.800","34.700","34.750","34.470","34.570","-0.070","+34.570","10279","355362.90","19"
"09 Jan 2018","34.450","34.750","34.450","34.650","34.010","34.640","+0.190","+34.640","8316","286800.45","10"
"08 Jan 2018","34.000","34.750","34.600","34.710","34.450","34.450","-0.150","+34.450","6097","210505.31","13"
"05 Jan 2018","34.450","34.600","34.450","34.600","34.450","34.600","+0.200","+34.600","2445","84579.00","6"
"04 Jan 2018","34.300","34.800","34.410","34.450","34.400","34.400","-0.010","+34.400","3869","133195.60","9"
"03 Jan 2018","34.350","34.450","34.410","34.410","34.410","34.410","-0.030","+34.410","1204","41429.64","7"
"29 Dec 2017","34.410","34.800","34.600","34.730","34.440","34.440","-0.210","+34.440","1444","49784.86","7"
"28 Dec 2017","34.200","34.800","34.650","34.650","34.650","34.650","+0.120","+34.650","288","9979.20","1"
"27 Dec 2017","34.000","34.800","34.530","34.530","34.530","34.530","+0.180","+34.530","500","17265.00","1"
"22 Dec 2017","34.120","34.800","34.120","34.350","34.120","34.350","+0.230","+34.350","4326","148191.76","15"
"21 Dec 2017","34.120","34.800","34.450","34.450","34.100","34.120","-0.360","+34.120","9576","327173.37","15"
"20 Dec 2017","34.350","34.800","34.550","34.570","34.400","34.480","-0.070","+34.480","5027","173540.86","10"
"19 Dec 2017","34.550","34.800","34.320","34.670","34.320","34.550","+0.190","+34.550","19947","688681.27","15"
"18 Dec 2017","34.320","34.990","34.300","34.400","34.250","34.360","+0.010","+34.360","10136","348210.41","13"
"15 Dec 2017","34.100","34.500","34.320","34.360","34.320","34.350","-0.350","+34.350","11619","399040.39","14"
"14 Dec 2017","34.100","34.720","34.150","34.720","34.150","34.700","+0.540","+34.700","11480","393569.54","14"
"13 Dec 2017","34.150","34.300","34.390","34.400","34.160","34.160","-0.070","+34.160","4189","143564.96","11"
"12 Dec 2017","34.000","34.750","34.280","34.410","34.130","34.230","-0.190","+34.230","9532","327088.38","21"
"11 Dec 2017","34.200","34.450","34.690","34.770","34.420","34.420","-0.420","+34.420","6977","241869.73","9"
"08 Dec 2017","34.000","35.000","34.510","34.840","34.470","34.840","+0.440","+34.840","6694","232152.50","16"
"07 Dec 2017","33.850","35.000","33.850","34.500","33.850","34.400","+0.380","+34.400","5897","201786.69","13"
"06 Dec 2017","33.850","34.650","33.980","34.240","33.980","34.020","-0.160","+34.020","22364","760795.36","17"
"05 Dec 2017","34.150","34.330","34.570","34.570","34.180","34.180","-0.270","+34.180","15762","540042.11","20"
"04 Dec 2017","34.400","34.540","34.700","34.700","34.380","34.450","-0.420","+34.450","6543","225916.24","12"
"01 Dec 2017","34.690","34.940","34.690","35.200","34.690","34.870","+0.180","+34.870","12717","443984.94","20"
"30 Nov 2017","33.500","35.000","34.500","34.800","34.000","34.690","-0.020","+34.690","41044","1418577.53","24"
"29 Nov 2017","34.500","35.000","34.400","34.840","34.400","34.710","+0.300","+34.710","4215","145908.83","10"
"28 Nov 2017","34.200","34.500","34.800","34.800","34.400","34.410","-0.460","+34.410","66363","2312380.54","19"
"27 Nov 2017","34.500","35.000","34.920","35.050","34.700","34.870","+0.100","+34.870","13695","477624.33","21"
"24 Nov 2017","34.800","35.350","34.810","34.810","34.750","34.770","-0.170","+34.770","2363","82164.73","3"
"23 Nov 2017","34.700","35.750","35.160","35.160","34.940","34.940","-0.310","+34.940","9403","329100.38","10"
"22 Nov 2017","35.150","35.750","35.350","35.350","35.200","35.250","-0.100","+35.250","7010","247158.64","10"
"21 Nov 2017","34.700","35.800","35.250","35.400","35.220","35.350","-0.030","+35.350","3181","112318.01","9"
"20 Nov 2017","35.300","35.400","35.250","35.400","35.250","35.380","+0.050","+35.380","22563","796133.25","17"
"17 Nov 2017","34.700","35.500","35.400","35.500","35.200","35.330","+0.130","+35.330","7974","281610.72","17"
"16 Nov 2017","34.500","35.500","35.100","35.200","35.000","35.200","-0.030","+35.200","12454","436969.55","14"
"15 Nov 2017","35.200","35.500","35.730","35.730","35.230","35.230","-0.500","+35.230","3925","139166.79","12"
"14 Nov 2017","35.200","35.770","35.700","35.730","35.500","35.730","-0.040","+35.730","14389","513399.41","21"
"13 Nov 2017","35.700","36.500","36.500","36.500","35.570","35.770","-0.102","+35.770","21333","772038.41","20"
"10 Nov 2017","36.900","36.950","36.000","36.910","36.000","36.910","+0.280","+36.910","8598","315273.32","17"
"09 Nov 2017","35.910","36.650","36.400","36.630","36.320","36.630","+0.230","+36.630","4319","157561.42","8"
"08 Nov 2017","36.320","36.750","35.950","36.400","35.950","36.400","+0.360","+36.400","57225","2063589.69","13"
"07 Nov 2017","35.910","36.500","36.300","36.300","35.800","36.040","-0.010","+36.040","38643","1392423.80","11"
"06 Nov 2017","35.000","36.500","36.870","36.870","35.950","36.050","-0.960","+36.050","6405","232460.04","16"
"03 Nov 2017","36.500","37.100","36.820","37.010","36.820","37.010","+0.370","+37.010","327203","12046478.21","10"
"02 Nov 2017","36.500","37.200","36.750","36.750","36.640","36.640","-0.250","+36.640","75910","2808577.10","17"
"01 Nov 2017","36.750","37.200","37.480","37.480","36.700","36.890","-0.110","+36.890","6773","249692.87","15"
"31 Oct 2017","36.700","37.650","37.300","37.300","36.940","37.000","-0.320","+37.000","6161","228785.40","12"
"30 Oct 2017","36.700","37.680","37.000","37.320","36.850","37.320","+0.360","+37.320","5912","219125.06","11"
"27 Oct 2017","36.500","37.680","37.440","37.600","36.960","36.960","-0.170","+36.960","59455","2215844.75","22"
"26 Oct 2017","36.500","37.500","37.250","37.250","37.110","37.130","-0.260","+37.130","30349","1134283.73","19"
"25 Oct 2017","36.000","37.390","37.400","37.790","37.340","37.390","-0.110","+37.390","36786","1379797.05","21"
"24 Oct 2017","36.000","37.600","37.500","37.580","37.250","37.500","-0.190","+37.500","25709","965039.97","16"
"20 Oct 2017","37.650","37.850","37.000","37.800","37.000","37.690","+0.940","+37.690","27642","1032286.41","35"
"19 Oct 2017","36.000","36.950","36.400","36.820","36.000","36.750","+0.190","+36.750","28601","1051600.09","21"
"18 Oct 2017","35.920","36.680","36.000","36.570","36.000","36.560","+0.060","+36.560","5965","217446.74","8"
"17 Oct 2017","35.920","36.580","36.180","36.500","36.170","36.500","+0.170","+36.500","7075","257033.68","15"
"16 Oct 2017","35.600","36.390","35.650","36.360","35.600","36.330","+0.150","+36.330","8636","312313.18","19"
"13 Oct 2017","35.800","36.190","35.990","36.180","35.990","36.180","+0.130","+36.180","16087","580556.13","13"
"12 Oct 2017","36.050","36.190","35.860","36.130","35.840","36.050","+0.210","+36.050","28336","1020328.95","35"
"11 Oct 2017","35.700","35.980","35.650","35.980","35.650","35.840","+0.210","+35.840","10610","380210.48","27"
"10 Oct 2017","35.570","35.700","35.520","35.700","35.510","35.630","+0.050","+35.630","45237","1609604.73","13"
"09 Oct 2017","35.550","35.580","35.000","35.600","35.000","35.580","+0.480","+35.580","465063","16390576.17","18"
"06 Oct 2017","34.970","35.200","34.900","35.120","34.900","35.100","+0.370","+35.100","14971","524333.08","22"
"05 Oct 2017","34.730","34.950","34.920","35.000","34.730","34.730","-0.190","+34.730","42040","1468830.18","36"
"04 Oct 2017","34.600","34.920","35.180","35.200","34.800","34.920","-0.230","+34.920","17860","625177.92","29"
"03 Oct 2017","35.000","35.250","35.120","35.200","35.010","35.150","-0.030","+35.150","4070","142961.25","11"
"02 Oct 2017","34.550","35.120","34.800","35.180","34.750","35.180","+0.320","+35.180","13692","478526.80","18"
"29 Sep 2017","34.860","34.920","34.880","34.910","34.640","34.860","0.000","+34.860","34854","1214839.67","23"
"28 Sep 2017","34.300","35.200","34.950","34.950","34.800","34.860","+0.060","+34.860","21810","760115.41","6"
"27 Sep 2017","33.950","35.200","35.100","35.200","34.800","34.800","-0.300","+34.800","8705","304546.75","11"
"26 Sep 2017","34.600","35.300","34.800","35.100","34.800","35.100","+0.310","+35.100","8144","283915.06","10"
"25 Sep 2017","34.100","34.950","34.490","34.900","34.490","34.790","+0.680","+34.790","8926","310469.02","15"
"22 Sep 2017","33.900","34.490","33.900","34.300","33.800","34.110","+0.160","+34.110","7031","239405.61","13"
"21 Sep 2017","33.930","34.490","34.490","34.490","33.950","33.950","-0.540","+33.950","6224","213055.26","13"
"20 Sep 2017","34.410","35.200","34.700","34.700","34.310","34.490","-0.300","+34.490","9570","331332.83","13"
"19 Sep 2017","34.700","34.800","35.000","35.000","34.700","34.790","-0.010","+34.790","10358","360344.62","13"
"18 Sep 2017","33.500","35.000","34.500","34.850","34.500","34.800","-0.050","+34.800","15342","533156.69","15"
"15 Sep 2017","33.500","34.850","35.100","35.150","34.850","34.850","-0.270","+34.850","17703","618112.15","14"
"14 Sep 2017","33.600","35.200","34.950","35.120","34.950","35.120","+0.160","+35.120","4477","156718.17","9"
"13 Sep 2017","33.600","35.300","34.750","35.250","34.500","34.960","-0.200","+34.960","21813","765367.01","25"
"12 Sep 2017","34.750","35.200","34.810","35.350","34.810","35.160","+0.410","+35.160","10112","354263.55","21"
"11 Sep 2017","34.500","34.990","34.000","34.800","34.000","34.750","+0.750","+34.750","9976","344388.06","15"
"08 Sep 2017","33.700","34.620","34.200","34.500","34.000","34.000","-0.270","+34.000","8465","289735.00","8"
"07 Sep 2017","33.500","34.600","34.450","34.600","34.270","34.270","+0.070","+34.270","9837","338028.29","10"
"06 Sep 2017","33.500","34.200","34.110","34.230","34.100","34.200","-0.400","+34.200","32684","1124794.10","12"
"05 Sep 2017","33.500","35.100","34.560","34.760","34.500","34.600","-0.150","+34.600","12661","438693.22","18"
"04 Sep 2017","34.560","34.800","34.620","34.750","34.600","34.750","-0.080","+34.750","29845","1036232.64","7"
"01 Sep 2017","33.500","34.850","34.500","34.830","34.500","34.830","+0.210","+34.830","10962","379368.45","16"
"31 Aug 2017","34.000","34.780","34.200","34.620","34.200","34.620","+0.610","+34.620","6470","223440.42","16"
"30 Aug 2017","34.000","34.550","34.000","34.340","34.000","34.010","+0.100","+34.010","5254","179354.13","14"
"29 Aug 2017","33.810","33.980","34.560","34.560","33.850","33.910","-0.570","+33.910","15522","527476.89","23"
"28 Aug 2017","34.200","34.450","35.420","35.420","34.460","34.480","-0.640","+34.480","10482","364749.58","15"
"25 Aug 2017","34.000","35.200","35.200","35.250","35.030","35.120","-0.340","+35.120","5244","185270.45","10"
"24 Aug 2017","35.200","35.800","35.450","35.650","35.400","35.460","+0.060","+35.460","8425","299804.30","14"
"23 Aug 2017","35.050","35.550","35.300","35.610","35.290","35.400","+0.370","+35.400","8143","288614.04","21"
"22 Aug 2017","35.050","35.360","34.900","35.050","34.900","35.030","+0.280","+35.030","82171","2863531.88","7"
"21 Aug 2017","33.820","35.360","34.850","34.900","34.700","34.750","-0.060","+34.750","7571","263352.30","13"
"18 Aug 2017","34.750","35.320","34.900","34.900","34.750","34.810","-0.510","+34.810","9757","343260.08","12"
"17 Aug 2017","35.300","35.440","35.400","35.600","35.320","35.320","+0.020","+35.320","16324","579528.53","14"
"16 Aug 2017","35.000","35.360","34.840","35.300","34.840","35.300","+0.620","+35.300","30441","1068605.15","36"
"15 Aug 2017","33.810","34.900","34.600","34.850","34.600","34.680","+0.200","+34.680","14138","490877.25","18"
"14 Aug 2017","33.930","34.600","34.110","34.500","34.110","34.480","+0.550","+34.480","11183","383741.53","18"
"11 Aug 2017","33.900","34.500","33.800","34.050","33.800","33.930","-0.750","+33.930","11004","374597.45","20"
"10 Aug 2017","33.800","34.790","34.390","34.750","34.390","34.680","+0.030","+34.680","12800","442038.73","15"
"09 Aug 2017","34.390","34.690","34.350","34.650","34.350","34.650","+0.370","+34.650","17561","607152.80","27"
"08 Aug 2017","33.800","34.330","34.350","34.350","34.210","34.280","-0.100","+34.280","26773","918151.97","13"
"07 Aug 2017","33.700","34.850","33.750","34.380","33.700","34.380","+0.680","+34.380","145281","4913402.26","17"
"04 Aug 2017","33.620","33.850","33.750","33.750","33.560","33.700","-0.160","+33.700","18063","610401.88","16"
"03 Aug 2017","33.750","33.880","34.000","34.000","33.850","33.860","-0.240","+33.860","6605","224132.36","11"
"02 Aug 2017","33.750","34.600","34.500","34.500","34.000","34.100","-0.100","+34.100","9920","338361.86","9"
"01 Aug 2017","33.000","34.500","33.950","34.320","33.800","34.200","+0.100","+34.200","10989","373778.98","16"
"31 Jul 2017","33.000","34.600","34.000","34.100","33.610","34.100","+0.170","+34.100","12567","427578.32","21"
"28 Jul 2017","33.810","34.600","34.100","34.100","33.860","33.930","-0.710","+33.930","1360","46140.64","7"
"27 Jul 2017","33.810","34.900","34.650","34.700","34.500","34.640","-0.010","+34.640","25399","880088.33","19"
"26 Jul 2017","34.520","34.650","34.750","34.930","34.650","34.650","+0.110","+34.650","19296","670236.38","26"
"25 Jul 2017","34.520","34.800","34.080","34.540","34.000","34.540","+0.460","+34.540","26633","915913.89","29"
"24 Jul 2017","34.150","34.190","34.500","34.500","33.910","34.080","-0.520","+34.080","11902","407064.07","22"
"21 Jul 2017","34.530","34.800","34.820","34.900","34.500","34.600","-0.710","+34.600","14993","519612.40","21"
"20 Jul 2017","34.820","35.400","34.600","35.360","34.600","35.310","+0.880","+35.310","226058","7775167.07","31"
"19 Jul 2017","33.550","34.650","33.200","34.460","33.200","34.430","+1.310","+34.430","37291","1260007.64","39"
"18 Jul 2017","32.850","33.500","33.450","33.500","32.950","33.120","-0.200","+33.120","13235","439880.71","20"
"17 Jul 2017","33.150","33.450","33.350","33.480","33.150","33.320","+0.170","+33.320","18941","631326.10","31"
"14 Jul 2017","33.110","33.150","33.100","33.310","33.000","33.150","+0.150","+33.150","36481","1206518.64","30"
"13 Jul 2017","32.930","33.100","32.960","33.000","32.850","33.000","+0.500","+33.000","12779","420639.11","22"
"12 Jul 2017","32.320","32.960","32.730","32.730","32.400","32.500","-0.140","+32.500","8131","264495.14","14"
"11 Jul 2017","32.570","32.730","32.240","32.780","32.240","32.640","+0.400","+32.640","8400","272792.38","14"
"10 Jul 2017","31.860","32.240","31.770","32.410","31.760","32.240","+0.500","+32.240","16695","535188.36","31"
"07 Jul 2017","31.820","32.200","32.000","32.200","31.530","31.740","-0.390","+31.740","13692","436285.38","34"
"06 Jul 2017","32.080","32.200","32.400","32.450","32.080","32.130","-0.320","+32.130","21158","682512.05","28"
"05 Jul 2017","32.350","32.450","32.850","32.850","32.400","32.450","-0.430","+32.450","27690","902072.38","23"
"04 Jul 2017","32.700","32.900","32.300","33.060","32.300","32.880","+0.880","+32.880","105009","3369877.83","17"
"03 Jul 2017","31.900","32.300","32.550","32.550","31.900","32.000","-0.110","+32.000","6996","224048.23","8"
"30 Jun 2017","32.000","32.990","32.500","32.500","32.000","32.110","-0.310","+32.110","13761","443651.18","28"
"29 Jun 2017","32.390","32.500","31.800","32.420","31.730","32.420","+0.720","+32.420","17716","565469.32","20"
"28 Jun 2017","31.400","31.800","31.270","31.700","31.270","31.700","+0.430","+31.700","23066","724396.69","8"
"27 Jun 2017","31.110","31.800","31.370","31.370","31.270","31.270","-0.100","+31.270","20922","654717.47","12"
"26 Jun 2017","31.270","31.370","31.350","31.470","31.300","31.370","+0.020","+31.370","9023","283210.29","21"
"23 Jun 2017","31.300","31.450","31.200","31.450","31.200","31.350","-0.350","+31.350","16456","516273.84","28"
"22 Jun 2017","31.200","31.800","31.190","31.730","31.190","31.700","+0.510","+31.700","5173","163159.44","17"
"21 Jun 2017","31.150","31.850","31.890","31.890","31.190","31.190","-0.700","+31.190","18205","574781.99","41"
"20 Jun 2017","31.890","32.550","32.250","32.500","31.890","31.890","-0.330","+31.890","14880","478065.66","26"
"19 Jun 2017","32.200","32.250","32.150","32.400","32.140","32.220","+0.080","+32.220","89045","2872016.47","22"
"16 Jun 2017","32.010","32.460","32.300","32.340","32.120","32.140","-0.080","+32.140","28937","930652.28","21"
"15 Jun 2017","32.150","32.250","32.740","32.800","32.130","32.220","-0.440","+32.220","11388","368843.78","25"
"14 Jun 2017","32.580","32.740","32.250","32.740","32.250","32.660","+0.560","+32.660","11096","361548.10","24"
"13 Jun 2017","32.010","32.250","31.450","32.100","31.400","32.100","+0.650","+32.100","23513","750170.59","42"
"12 Jun 2017","31.400","31.450","31.410","31.500","31.400","31.450","+0.170","+31.450","27956","877007.12","13"
"09 Jun 2017","31.300","31.400","31.390","31.390","31.200","31.280","-0.120","+31.280","12200","381201.93","17"
"08 Jun 2017","31.300","31.400","31.500","31.500","31.000","31.400","+0.100","+31.400","38328","1188245.89","19"
"07 Jun 2017","31.330","31.750","31.250","31.300","30.770","31.300","+0.340","+31.300","31518","979937.97","35"
"06 Jun 2017","30.900","32.250","31.530","31.530","30.830","30.960","-0.930","+30.960","39132","1220421.92","58"
"02 Jun 2017","31.820","32.250","32.250","32.250","31.600","31.890","+0.240","+31.890","7915","251764.36","16"
"01 Jun 2017","31.510","32.500","32.120","32.300","31.550","31.650","-0.620","+31.650","7640","242915.47","24"
"31 May 2017","32.120","32.500","32.000","32.430","31.700","32.270","+0.450","+32.270","16166","520020.62","21"
"30 May 2017","31.620","32.000","31.660","31.960","31.510","31.820","+0.310","+31.820","8811","279701.83","22"
"29 May 2017","31.510","32.000","32.150","32.150","31.510","31.510","-0.740","+31.510","16380","520590.10","43"
"26 May 2017","32.030","32.270","32.500","32.500","32.110","32.250","-0.290","+32.250","34497","1113210.42","37"
"25 May 2017","32.260","32.540","32.540","32.580","32.360","32.540","+0.030","+32.540","12379","402034.86","19"
"24 May 2017","32.510","33.000","32.990","32.990","32.510","32.510","-0.370","+32.510","20343","666996.22","32"
"23 May 2017","32.800","33.000","33.510","33.510","32.880","32.880","-0.450","+32.880","29970","991443.29","20"
"22 May 2017","33.300","35.350","33.720","33.720","33.330","33.330","+0.110","+33.330","3372","112928.91","19"
"19 May 2017","33.010","33.750","33.310","33.310","33.120","33.220","-0.140","+33.220","11793","391822.60","15"
"18 May 2017","33.300","33.750","33.500","33.500","32.800","33.360","-0.426","+33.360","64369","2216120.52","36"
"17 May 2017","34.790","35.050","35.410","35.410","34.790","34.800","-0.530","+34.800","24615","867693.73","35"
"16 May 2017","35.340","36.750","35.350","35.650","35.300","35.330","+0.050","+35.330","15740","557669.89","18"
"15 May 2017","35.200","35.280","35.000","35.310","34.900","35.280","+0.430","+35.280","8407","295144.09","20"
"12 May 2017","34.800","35.500","35.250","35.250","34.770","34.850","-0.220","+34.850","35605","1250612.47","24"
"11 May 2017","34.900","35.450","35.000","35.580","35.000","35.070","+0.290","+35.070","114650","3993638.70","29"
"10 May 2017","34.770","36.700","35.050","35.050","34.270","34.780","-0.490","+34.780","100525","3528735.33","42"
"09 May 2017","35.110","36.850","36.450","36.450","35.270","35.270","-1.100","+35.270","4430","158386.06","21"
"08 May 2017","36.010","36.550","36.550","36.550","36.300","36.370","-0.030","+36.370","5812","211742.36","16"
"05 May 2017","36.260","36.400","36.500","36.500","36.250","36.400","-0.100","+36.400","25308","926259.88","20"
"04 May 2017","36.410","37.690","37.010","37.030","36.500","36.500","-0.510","+36.500","16105","603972.38","13"
"03 May 2017","37.010","37.950","37.830","37.840","37.010","37.010","-0.790","+37.010","14530","544150.91","21"
"02 May 2017","37.600","38.400","38.240","38.250","37.740","37.800","-0.440","+37.800","14563","557163.04","20"
"01 May 2017","37.830","38.420","38.070","38.420","38.000","38.240","+0.170","+38.240","9421","359176.43","19"
"28 Apr 2017","37.520","38.430","38.100","38.150","37.890","38.070","-0.030","+38.070","42060","1604183.43","26"
"27 Apr 2017","37.890","38.100","37.700","38.100","37.700","38.100","+0.330","+38.100","4198","158879.55","14"
"26 Apr 2017","37.660","37.800","37.200","37.900","37.200","37.770","+0.700","+37.770","13465","507500.21","30"
"24 Apr 2017","36.400","37.200","36.920","37.200","36.920","37.070","+0.110","+37.070","1646","60969.59","8"
"21 Apr 2017","36.920","37.150","36.800","37.160","36.800","36.960","+0.460","+36.960","16974","627246.01","29"
"20 Apr 2017","36.350","37.000","36.370","36.550","36.370","36.500","+0.130","+36.500","10652","388574.03","14"
"19 Apr 2017","36.250","37.000","36.800","36.800","36.300","36.370","-0.730","+36.370","4891","178705.67","14"
"18 Apr 2017","36.810","37.750","37.600","37.650","36.950","37.100","-0.400","+37.100","12379","462611.31","24"
"13 Apr 2017","36.800","37.600","37.250","37.600","37.250","37.500","-0.090","+37.500","8280","309745.23","12"
"12 Apr 2017","37.010","37.640","37.650","37.740","37.500","37.590","-0.130","+37.590","27345","1027785.78","12"
"11 Apr 2017","37.010","38.000","37.010","37.730","37.000","37.720","+0.470","+37.720","12749","474572.84","22"
"10 Apr 2017","37.000","38.000","36.700","37.250","36.700","37.250","+0.450","+37.250","8997","333845.33","13"
"07 Apr 2017","36.300","36.900","37.080","37.200","36.800","36.800","-0.100","+36.800","234041","8666302.34","12"
"06 Apr 2017","36.850","38.100","37.620","37.620","36.900","36.900","-0.720","+36.900","12579","465457.68","15"
"05 Apr 2017","37.550","38.100","37.830","37.830","37.450","37.620","-0.230","+37.620","9293","349719.17","12"
"04 Apr 2017","37.000","38.150","37.900","38.140","37.850","37.850","-0.130","+37.850","2899","110151.09","11"
"03 Apr 2017","37.000","38.500","38.120","38.200","37.950","37.980","-0.590","+37.980","32876","1258581.53","14"
"31 Mar 2017","37.000","38.580","38.450","38.650","38.400","38.570","+0.170","+38.570","11827","456027.37","19"
"30 Mar 2017","37.000","38.580","38.200","38.500","38.000","38.400","0.000","+38.400","63241","2419226.34","20"
"29 Mar 2017","37.300","38.430","37.800","38.400","37.800","38.400","+1.020","+38.400","17204","655517.71","28"
"28 Mar 2017","36.100","38.000","36.750","37.530","36.750","37.380","+0.580","+37.380","13533","503209.63","20"
"27 Mar 2017","36.550","36.950","36.400","36.800","36.400","36.800","-0.140","+36.800","4367","159390.94","8"
"24 Mar 2017","36.100","38.000","36.290","36.940","36.290","36.940","+0.510","+36.940","76074","2761878.46","14"
"23 Mar 2017","36.100","38.000","36.500","36.500","36.260","36.430","-0.070","+36.430","258698","9443783.02","19"
"22 Mar 2017","36.000","37.000","37.990","37.990","36.450","36.500","-1.020","+36.500","26713","1000155.03","17"
"21 Mar 2017","37.300","38.000","37.850","37.850","37.500","37.520","-0.410","+37.520","10489","394001.44","13"
"20 Mar 2017","37.850","38.000","38.000","38.000","37.850","37.930","-0.140","+37.930","6017","228439.07","15"
"17 Mar 2017","38.050","38.350","37.810","38.070","37.810","38.070","+0.490","+38.070","5931","225563.75","9"
"16 Mar 2017","37.500","38.000","38.000","38.090","37.580","37.580","-0.110","+37.580","37729","1433601.80","34"
"15 Mar 2017","37.690","37.750","37.790","37.800","37.650","37.690","-0.440","+37.690","24120","913088.74","29"
"14 Mar 2017","37.770","38.000","38.300","38.500","38.080","38.130","-0.150","+38.130","59977","2296207.36","28"
"13 Mar 2017","38.250","38.300","37.750","38.280","37.750","38.280","-0.010","+38.280","10999","419370.80","17"
"10 Mar 2017","37.690","38.390","37.750","38.300","37.750","38.290","+0.210","+38.290","107217","4090761.53","28"
"09 Mar 2017","38.040","38.300","37.400","38.200","37.400","38.080","+0.330","+38.080","20415","775587.99","29"
"08 Mar 2017","37.400","37.850","37.380","37.800","37.380","37.750","+0.370","+37.750","21893","819899.08","23"
"07 Mar 2017","36.400","37.390","36.900","37.380","36.900","37.380","+0.480","+37.380","43580","1615019.76","41"
"06 Mar 2017","36.400","37.000","36.400","36.910","36.400","36.900","+0.550","+36.900","37072","1364587.08","24"
"03 Mar 2017","36.150","36.700","36.410","36.410","36.300","36.350","-0.480","+36.350","38501","1415616.44","8"
"02 Mar 2017","36.800","36.900","36.300","36.950","36.300","36.830","+0.660","+36.830","14097","517026.19","27"
"01 Mar 2017","35.500","36.240","35.800","36.240","35.700","36.170","-0.370","+36.170","9795","354372.49","11"
"28 Feb 2017","36.000","36.600","36.000","36.650","36.000","36.540","+0.470","+36.540","27915","1017879.88","43"
"27 Feb 2017","35.800","36.300","36.500","36.500","35.990","36.070","-0.240","+36.070","88092","3182733.12","9"
"24 Feb 2017","36.100","36.650","36.460","36.460","36.310","36.310","-0.250","+36.310","10148","370172.87","6"
"23 Feb 2017","35.000","36.650","36.800","36.800","36.550","36.560","-0.240","+36.560","10367","380445.98","15"
"22 Feb 2017","36.600","36.860","36.650","36.810","36.650","36.800","+0.220","+36.800","68153","2491874.55","19"
"21 Feb 2017","35.000","36.650","36.400","36.590","36.400","36.580","+0.270","+36.580","14870","542540.19","27"
"20 Feb 2017","35.050","36.400","36.000","36.310","36.000","36.310","+0.120","+36.310","34068","1230529.50","15"
"17 Feb 2017","35.000","36.200","35.520","36.190","35.520","36.190","+0.420","+36.190","69212","2483756.35","30"
"16 Feb 2017","35.750","35.850","35.650","35.900","35.500","35.770","+0.070","+35.770","10282","367098.52","24"
"15 Feb 2017","35.450","35.900","34.920","35.800","34.920","35.700","+0.870","+35.700","269102","9507053.18","38"
"14 Feb 2017","34.830","35.200","34.900","35.080","34.800","34.830","-0.170","+34.830","15238","533017.80","18"
"13 Feb 2017","34.000","35.000","34.780","35.000","34.780","35.000","+0.250","+35.000","11419","399192.66","18"
"10 Feb 2017","33.600","34.780","34.250","34.750","34.250","34.750","+0.590","+34.750","11050","382208.71","23"
"09 Feb 2017","34.000","34.230","33.750","34.200","33.750","34.160","+0.380","+34.160","21832","744580.69","21"
"08 Feb 2017","33.150","33.800","33.450","33.780","33.450","33.780","+0.630","+33.780","5223","175187.45","14"
"07 Feb 2017","33.150","33.800","33.570","33.570","32.920","33.150","-0.420","+33.150","46207","1531031.88","23"
"03 Feb 2017","33.570","33.750","33.440","33.700","33.440","33.570","+0.130","+33.570","10035","337534.35","17"
"02 Feb 2017","32.600","33.440","33.100","33.560","33.100","33.440","+0.270","+33.440","17255","576485.39","23"
"01 Feb 2017","33.110","33.600","32.830","33.170","32.750","33.170","+0.340","+33.170","61047","2010644.12","12"
"31 Jan 2017","32.830","33.000","33.150","33.150","32.800","32.830","-0.370","+32.830","16296","536489.59","26"
"30 Jan 2017","33.120","33.700","33.300","33.300","33.150","33.200","-0.450","+33.200","9268","308551.19","13"
"27 Jan 2017","33.250","33.690","33.110","33.680","33.110","33.650","+0.530","+33.650","18984","634868.02","31"
"26 Jan 2017","33.050","33.100","33.350","33.350","33.120","33.120","-0.080","+33.120","11449","380701.04","19"
"25 Jan 2017","33.120","33.350","33.250","33.550","33.200","33.200","0.000","+33.200","11976","398543.82","16"
"24 Jan 2017","33.120","34.000","33.350","33.400","33.200","33.200","-0.100","+33.200","21872","731637.37","19"
"23 Jan 2017","33.300","34.100","33.660","33.800","33.300","33.300","-0.140","+33.300","31890","1065438.44","14"
"20 Jan 2017","33.420","34.100","34.100","34.100","33.350","33.440","-0.510","+33.440","100519","3360882.27","36"
"19 Jan 2017","33.750","34.200","33.760","34.250","33.760","33.950","+0.150","+33.950","22032","750059.28","12"
"18 Jan 2017","33.760","34.650","34.300","34.500","33.800","33.800","-0.610","+33.800","29947","1017686.41","26"
"17 Jan 2017","34.300","34.450","34.850","34.850","34.350","34.410","-0.480","+34.410","8402","289773.48","13"
"16 Jan 2017","34.300","35.000","34.850","34.900","34.850","34.890","+0.390","+34.890","5904","205454.06","10"
"13 Jan 2017","34.300","35.000","35.050","35.050","34.500","34.500","-0.780","+34.500","3621","126444.20","8"
"12 Jan 2017","35.280","35.600","35.300","35.400","35.220","35.280","-0.020","+35.280","4298","151798.19","14"
"11 Jan 2017","35.000","35.300","35.500","35.550","35.250","35.300","+0.030","+35.300","9433","334294.00","21"
"10 Jan 2017","35.100","35.400","35.300","35.300","35.100","35.270","-0.370","+35.270","33539","1188614.93","10"
"09 Jan 2017","35.250","35.640","35.000","35.700","34.700","35.640","+0.640","+35.640","17640","620651.00","23"
"06 Jan 2017","34.500","35.000","34.800","35.000","34.800","35.000","+0.200","+35.000","21904","765043.63","16"
"05 Jan 2017","34.500","34.800","34.750","34.830","34.750","34.800","+0.060","+34.800","47212","1641132.43","17"
"04 Jan 2017","34.500","34.830","33.890","34.740","33.890","34.740","+0.850","+34.740","14268","491850.14","20"
"30 Dec 2016","33.500","33.900","34.150","34.150","33.890","33.890","-0.360","+33.890","8690","294724.71","6"
"29 Dec 2016","33.700","34.400","33.950","34.250","33.950","34.250","+0.050","+34.250","13069","446754.84","8"
"28 Dec 2016","33.500","34.150","34.200","34.300","34.000","34.200","-0.100","+34.200","3267","111798.55","8"
"23 Dec 2016","33.510","34.450","34.300","34.300","34.300","34.300","-0.040","+34.300","9189","313664.60","5"
"22 Dec 2016","33.450","34.340","33.940","34.340","33.930","34.340","+0.180","+34.340","11063","378022.34","22"
"21 Dec 2016","33.000","34.170","33.800","34.250","33.800","34.160","0.000","+34.160","6904","235509.67","15"
"20 Dec 2016","33.650","34.200","33.940","34.240","33.940","34.160","+0.330","+34.160","20688","701401.52","27"
"19 Dec 2016","33.300","33.940","33.770","33.850","33.430","33.830","+0.110","+33.830","30180","1018790.63","22"
"16 Dec 2016","33.300","33.770","33.620","33.800","33.620","33.720","+0.270","+33.720","53208","1789564.30","29"
"15 Dec 2016","33.000","33.700","33.500","33.700","33.450","33.450","-0.100","+33.450","26703","896290.10","15"
"14 Dec 2016","33.000","33.650","33.300","33.650","33.300","33.550","+0.260","+33.550","16701","555965.06","14"
"13 Dec 2016","33.000","33.650","33.400","33.450","33.290","33.290","-0.360","+33.290","52628","1770052.82","15"
"12 Dec 2016","33.400","33.670","33.590","33.960","33.590","33.650","+0.110","+33.650","46604","1564330.30","21"
"09 Dec 2016","33.500","33.590","33.410","33.580","33.400","33.540","+0.150","+33.540","58075","1943139.73","31"
"08 Dec 2016","33.000","33.400","33.150","33.400","33.150","33.390","+0.520","+33.390","19933","662326.86","10"
"07 Dec 2016","32.500","33.000","32.700","32.870","32.650","32.870","+0.240","+32.870","24429","796780.25","12"
"06 Dec 2016","32.500","32.700","32.500","32.660","32.470","32.630","+0.170","+32.630","43244","1407374.62","22"
"05 Dec 2016","32.450","32.470","32.900","33.000","32.350","32.460","-0.240","+32.460","3390","110245.51","13"
"02 Dec 2016","32.500","33.200","33.100","33.200","32.700","32.700","-0.580","+32.700","3469","114417.55","10"
"01 Dec 2016","33.100","33.450","32.900","33.280","32.880","33.280","+0.600","+33.280","16024","527538.40","12"
"30 Nov 2016","32.500","33.500","33.500","33.500","32.680","32.680","-0.510","+32.680","5267","173068.46","6"
"29 Nov 2016","33.210","33.590","32.500","33.200","32.500","33.190","+0.260","+33.190","21821","721960.61","14"
"28 Nov 2016","32.400","33.150","33.150","33.150","32.930","32.930","-0.660","+32.930","4382","145238.66","10"
"25 Nov 2016","33.000","33.590","33.300","33.590","33.300","33.590","+0.250","+33.590","12902","431457.86","30"
"24 Nov 2016","32.400","33.470","32.400","33.470","32.400","33.340","+0.210","+33.340","63683","2112535.81","15"
"23 Nov 2016","32.400","33.200","32.740","33.150","32.740","33.130","+0.580","+33.130","14490","477087.19","16"
"22 Nov 2016","32.400","32.950","32.650","32.650","32.550","32.550","-0.100","+32.550","14345","465706.19","4"
"21 Nov 2016","32.200","32.650","32.500","32.650","32.360","32.650","+0.050","+32.650","4282","138851.63","7"
"18 Nov 2016","32.200","32.980","32.500","32.600","32.450","32.600","+0.100","+32.600","93268","3031277.98","12"
"17 Nov 2016","32.000","33.000","32.000","33.000","32.000","32.500","-0.700","+32.500","41926","1379581.44","18"
"16 Nov 2016","32.000","33.490","33.000","33.200","32.950","33.200","+0.500","+33.200","28403","936343.62","31"
"15 Nov 2016","32.000","32.950","32.650","32.700","32.380","32.700","-0.070","+32.700","6012","195624.68","10"
"14 Nov 2016","32.650","32.880","32.900","32.900","32.770","32.770","+0.163","+32.770","46664","1567254.91","8"
"11 Nov 2016","31.600","33.600","32.500","33.600","32.500","33.600","+1.180","+33.600","40380","1338860.34","39"
"10 Nov 2016","31.610","32.500","32.380","32.420","31.930","32.420","+1.620","+32.420","488287","15099692.72","22"
"09 Nov 2016","30.000","30.800","31.870","31.870","30.750","30.800","-0.920","+30.800","65874","2090923.06","26"
"08 Nov 2016","31.720","32.500","32.300","32.400","31.500","31.720","-0.280","+31.720","279619","8947118.28","26"
"07 Nov 2016","31.430","32.450","31.120","32.140","31.120","32.000","+0.800","+32.000","6616","209884.73","19"
"04 Nov 2016","31.300","31.370","31.450","31.600","31.100","31.200","-0.100","+31.200","25303","791688.82","26"
"03 Nov 2016","31.000","32.250","31.550","31.550","31.250","31.300","-0.490","+31.300","42874","1354029.53","17"
"02 Nov 2016","31.010","32.250","32.150","32.150","31.610","31.790","-0.460","+31.790","16046","509665.00","15"
"01 Nov 2016","32.150","32.500","32.300","32.300","32.200","32.250","-0.450","+32.250","36814","1189518.89","7"
"31 Oct 2016","32.500","32.700","32.100","32.700","32.000","32.700","+0.590","+32.700","22665","733461.99","17"
"28 Oct 2016","32.100","32.200","32.390","32.410","32.110","32.110","-0.390","+32.110","33115","1078561.46","26"
"27 Oct 2016","32.500","32.600","32.700","32.850","32.500","32.500","-0.160","+32.500","59296","1941219.59","32"
"26 Oct 2016","32.550","32.850","32.800","32.830","32.660","32.660","-0.200","+32.660","18307","601103.97","15"
"25 Oct 2016","32.920","32.980","32.500","32.990","32.500","32.860","+0.360","+32.860","18045","591294.94","28"
"21 Oct 2016","32.000","32.650","32.000","32.500","32.000","32.500","+0.450","+32.500","9505","306941.04","16"
"20 Oct 2016","31.800","32.450","32.400","32.650","32.050","32.050","-0.250","+32.050","20580","665043.84","26"
"19 Oct 2016","32.100","32.370","32.370","32.400","32.300","32.300","-0.150","+32.300","21726","701790.14","16"
"18 Oct 2016","32.350","32.550","32.450","32.450","32.000","32.450","0.000","+32.450","32306","1043165.49","18"
"17 Oct 2016","32.250","32.450","32.270","32.700","32.270","32.450","+0.200","+32.450","26987","877042.06","20"
"14 Oct 2016","31.640","32.250","32.300","32.300","32.250","32.250","-0.100","+32.250","11429","370002.34","18"
"13 Oct 2016","32.400","32.900","32.800","32.800","32.350","32.350","-0.600","+32.350","6804","222236.64","12"
"12 Oct 2016","32.650","32.980","32.600","32.950","32.590","32.950","+0.300","+32.950","12900","422670.07","19"
"11 Oct 2016","32.650","32.670","32.750","32.980","32.650","32.650","-0.050","+32.650","14873","487940.32","22"
"10 Oct 2016","32.200","32.700","32.440","32.950","32.400","32.700","+0.250","+32.700","100858","3269994.76","28"
"07 Oct 2016","32.260","32.450","32.200","32.450","32.200","32.450","+0.240","+32.450","20586","664173.36","31"
"06 Oct 2016","31.260","32.200","32.070","32.300","32.070","32.210","-0.090","+32.210","37293","1198033.80","17"
"05 Oct 2016","31.260","32.300","31.500","32.300","31.300","32.300","+0.750","+32.300","13916","442307.85","32"
"04 Oct 2016","31.320","31.600","31.500","31.600","31.320","31.550","-0.200","+31.550","33065","1047151.07","14"
"03 Oct 2016","31.500","31.750","31.010","31.750","31.010","31.750","+0.570","+31.750","232241","7237409.99","15"
"30 Sep 2016","30.500","31.500","31.490","31.500","31.090","31.180","-0.320","+31.180","36412","1142379.07","25"
"29 Sep 2016","31.500","32.000","32.000","32.000","31.500","31.500","-0.500","+31.500","44949","1416053.80","19"
"28 Sep 2016","30.500","32.000","31.500","32.000","31.500","32.000","0.000","+32.000","108397","3412071.32","9"
"27 Sep 2016","30.210","32.000","32.000","32.000","31.310","32.000","-0.050","+32.000","15633","496350.21","18"
"26 Sep 2016","32.050","32.100","31.500","32.050","31.500","32.050","+0.150","+32.050","145295","4625555.01","37"
"23 Sep 2016","31.700","31.900","31.950","31.950","31.550","31.900","+0.450","+31.900","25355","801637.51","31"
"22 Sep 2016","31.450","31.930","31.500","31.950","31.150","31.450","+0.550","+31.450","5642","176296.22","18"
"21 Sep 2016","30.500","31.500","30.600","30.900","30.600","30.900","+0.450","+30.900","25105","766996.39","18"
"20 Sep 2016","30.050","30.450","30.500","30.500","30.100","30.450","+0.050","+30.450","10158","308691.74","20"
"19 Sep 2016","30.050","30.500","30.500","30.500","30.190","30.400","+0.060","+30.400","11372","345495.16","17"
"16 Sep 2016","30.250","30.550","30.100","30.500","30.100","30.340","+0.390","+30.340","13332","402455.82","19"
"15 Sep 2016","29.800","30.300","29.930","30.110","29.820","29.950","+0.020","+29.950","19646","586181.44","30"
"14 Sep 2016","30.000","30.300","29.600","30.080","29.550","29.930","+0.280","+29.930","20243","603498.91","22"
"13 Sep 2016","29.690","29.850","30.200","30.300","29.650","29.650","-0.180","+29.650","31067","930657.74","31"
"12 Sep 2016","29.800","30.400","30.400","30.400","29.830","29.830","-0.710","+29.830","65992","2014472.54","46"
"09 Sep 2016","30.500","30.600","30.890","30.900","30.500","30.540","-0.360","+30.540","8489","260278.01","19"
"08 Sep 2016","30.650","30.900","30.800","31.010","30.750","30.900","-0.100","+30.900","17339","535929.22","17"
"07 Sep 2016","31.000","31.500","31.000","31.100","30.750","31.000","+0.120","+31.000","19102","590897.11","30"
"06 Sep 2016","30.810","31.000","30.810","30.970","30.810","30.880","-0.020","+30.880","37482","1154546.56","26"
"05 Sep 2016","30.550","30.950","30.550","30.900","30.550","30.900","+0.660","+30.900","23762","726411.78","25"
"02 Sep 2016","30.130","30.800","30.750","30.750","30.120","30.240","-0.610","+30.240","48159","1469646.47","48"
"01 Sep 2016","30.600","30.950","30.790","30.850","30.500","30.850","+0.290","+30.850","17890","548552.45","27"
"31 Aug 2016","30.500","30.900","31.050","31.050","30.500","30.560","-0.490","+30.560","17096","527488.55","39"
"30 Aug 2016","31.050","31.500","31.120","31.260","31.050","31.050","-0.050","+31.050","6452","200968.69","14"
"29 Aug 2016","31.050","32.000","31.480","31.480","31.050","31.100","-0.400","+31.100","11940","372986.11","24"
"26 Aug 2016","31.480","32.290","31.690","31.690","31.480","31.500","-0.200","+31.500","94758","2997919.59","13"
"25 Aug 2016","31.520","32.290","32.250","32.250","31.700","31.700","-0.520","+31.700","4694","149896.45","11"
"24 Aug 2016","32.100","32.220","31.800","32.220","31.800","32.220","+0.350","+32.220","12710","407458.46","12"
"23 Aug 2016","31.720","32.000","31.600","32.000","31.580","31.870","+0.370","+31.870","7768","245940.32","11"
"22 Aug 2016","31.350","31.850","31.500","31.700","31.450","31.500","+0.030","+31.500","9279","292594.68","19"
"19 Aug 2016","31.350","31.510","31.400","31.510","31.330","31.470","-0.180","+31.470","12633","397671.41","16"
"18 Aug 2016","31.400","32.290","31.700","32.020","31.650","31.650","-0.050","+31.650","112525","3563204.91","22"
"17 Aug 2016","31.700","32.000","31.500","31.700","31.500","31.700","+0.090","+31.700","126168","3997705.59","16"
"16 Aug 2016","31.600","32.250","31.670","32.240","31.610","31.610","-0.120","+31.610","4426","140425.09","9"
"15 Aug 2016","31.720","32.500","31.500","31.860","31.450","31.730","+0.240","+31.730","4160","131248.43","7"
